Weather Disasters to affect the U.S. from 1980-2023 (CPI-Adjusted),,,,,,,,,,,,,,,,,,,,,,,
Name,Disaster,Disaster Group,Begin Date,Yb,Mb,Db,End Date,Ye,Me,De,Total CPI-Adjusted Cost (Millions of Dollars),Deaths,Durn (days),Durn (Weeks),Durn (Cal Mos),Central Day,Day of W_yr,MidPt Mo,W_Yr,W_Week,W_Mo,SeasNum,Season
Southern Severe Storms and Flooding (April 1980),Flooding,SevStorm/Flood,4/10/1980,1980,4,10,4/17/1980,1980,4,17,2678.6,7,6,1,1,4/13/1980,104,4,1980,15,4,2,Spring
Hurricane Allen (August 1980),Tropical Cyclone,Tropical Cyclone,8/7/1980,1980,8,7,8/11/1980,1980,8,11,2177.2,13,3,1,1,8/9/1980,222,8,1980,32,8,3,Summer
Central/Eastern Drought/Heat Wave (Summer-Fall 1980),Drought,WF/Drought,6/1/1980,1980,6,1,11/30/1980,1980,11,30,39579,1260,181,26,7,8/31/1980,244,8,1980,35,8,3,Summer
Florida Freeze (January 1981),Freeze,Winter/Freeze,1/12/1981,1981,1,12,1/14/1981,1981,1,14,2019.2,0,1,1,1,1/13/1981,13,1,1981,2,1,1,Winter
"Severe Storms, Flash Floods, Hail, Tornadoes (May 1981)",Severe Storm,SevStorm/Flood,5/5/1981,1981,5,5,5/10/1981,1981,5,10,1372.9,20,4,1,1,5/7/1981,127,5,1981,19,5,2,Spring
"Midwest/Southeast/Northeast Winter Storm, Cold Wave (January 1982)",Winter Storm,Winter/Freeze,1/8/1982,1982,1,8,1/16/1982,1982,1,16,2158.1,85,7,1,1,1/12/1982,12,1,1982,2,1,1,Winter
Midwest/Plains/Southeast Tornadoes (April 1982),Severe Storm,SevStorm/Flood,4/2/1982,1982,4,2,4/4/1982,1982,4,4,1565.6,33,1,1,1,4/3/1982,93,4,1982,14,4,2,Spring
Severe Storms (June 1982),Severe Storm,SevStorm/Flood,5/31/1982,1982,5,31,6/10/1982,1982,6,10,1540.5,30,9,2,1,6/5/1982,156,6,1982,23,6,3,Summer
Gulf States Storms and Flooding (December 1982-January 1983),Flooding,SevStorm/Flood,12/1/1982,1982,12,1,1/15/1983,1983,1,15,4807.9,45,44,7,2,12/23/1982,-8,0,1983,-1,0,1,Winter
Western Storms and Flooding (December 1982-March 1983),Flooding,SevStorm/Flood,12/13/1982,1982,12,13,3/31/1983,1983,3,31,4693.8,50,107,16,4,2/5/1983,36,2,1983,6,2,1,Winter
Hurricane Alicia (August 1983),Tropical Cyclone,Tropical Cyclone,8/17/1983,1983,8,17,8/20/1983,1983,8,20,9180,21,2,1,1,8/18/1983,230,8,1983,33,8,3,Summer
Southeast Drought (Summer 1983),Drought,WF/Drought,6/1/1983,1983,6,1,8/31/1983,1983,8,31,9307.3,0,90,13,3,7/16/1983,197,7,1983,29,7,3,Summer
Arizona Flooding (October 1983),Flooding,SevStorm/Flood,9/29/1983,1983,9,29,10/3/1983,1983,10,3,1220,14,3,1,1,10/1/1983,274,10,1983,40,10,4,Fall
Freeze / Cold Wave (December 1983),Freeze,Winter/Freeze,12/15/1983,1983,12,15,12/25/1983,1983,12,25,6298.3,151,9,2,1,12/20/1983,-11,0,1984,-1,0,1,Winter
"Tornadoes, Severe Storms, Floods (Spring 1984)",Severe Storm,SevStorm/Flood,3/27/1984,1984,3,27,4/7/1984,1984,4,7,1803.7,80,10,2,1,4/1/1984,92,4,1984,14,4,2,Spring
Severe Storms and Hail (June 1984),Severe Storm,SevStorm/Flood,6/13/1984,1984,6,13,6/17/1984,1984,6,17,1320.8,1,3,1,1,6/15/1984,167,6,1984,24,6,3,Summer
"Winter Storm, Cold Wave (January 1985)",Winter Storm,Winter/Freeze,1/19/1985,1985,1,19,1/22/1985,1985,1,22,2435.8,150,2,1,1,1/20/1985,20,1,1985,3,1,1,Winter
Florida Freeze (January 1985),Freeze,Winter/Freeze,1/20/1985,1985,1,20,1/22/1985,1985,1,22,3492,0,1,1,1,1/21/1985,21,1,1985,3,1,1,Winter
Ohio and Pennsylvania Tornado Outbreak (June 1985),Severe Storm,SevStorm/Flood,5/31/1985,1985,5,31,5/31/1985,1985,5,31,1710.1,89,-1,0,0,5/31/1985,151,5,1985,22,5,2,Spring
Hurricane Elena (September 1985),Tropical Cyclone,Tropical Cyclone,8/30/1985,1985,8,30,9/3/1985,1985,9,3,3684.6,4,3,1,1,9/1/1985,244,9,1985,35,9,4,Fall
Hurricane Gloria (September 1985),Tropical Cyclone,Tropical Cyclone,9/26/1985,1985,9,26,9/28/1985,1985,9,28,2431.5,11,1,1,1,9/27/1985,270,9,1985,39,9,4,Fall
Hurricane Juan (October 1985),Tropical Cyclone,Tropical Cyclone,10/27/1985,1985,10,27,10/31/1985,1985,10,31,4220.7,63,3,1,1,10/29/1985,302,10,1985,44,10,4,Fall
"Virginia, West Virginia, Pennsylvania and Maryland Flooding (November 1985)",Flooding,SevStorm/Flood,11/3/1985,1985,11,3,11/8/1985,1985,11,8,3948,62,4,1,1,11/5/1985,309,11,1985,45,11,4,Fall
Western Severe Storms and Flooding (February 1986),Severe Storm,SevStorm/Flood,2/14/1986,1986,2,14,2/16/1986,1986,2,16,1488.8,13,1,1,1,2/15/1986,46,2,1986,7,2,1,Winter
Southeast Drought/Heat Wave (Summer 1986),Drought,WF/Drought,6/1/1986,1986,6,1,8/31/1986,1986,8,31,5050.2,100,90,13,3,7/16/1986,197,7,1986,29,7,3,Summer
Michigan Flooding (September 1986),Flooding,SevStorm/Flood,9/10/1986,1986,9,10,9/12/1986,1986,9,12,1116,10,1,1,1,9/11/1986,254,9,1986,37,9,4,Fall
U.S. Drought/Heat Wave (Summer 1988),Drought,WF/Drought,6/1/1988,1988,6,1,8/31/1988,1988,8,31,53010.4,454,90,13,3,7/16/1988,198,7,1988,29,7,3,Summer
Southern Derecho and Severe Storms (May 1989),Severe Storm,SevStorm/Flood,5/1/1989,1989,5,1,5/6/1989,1989,5,6,1367.6,21,4,1,1,5/3/1989,123,5,1989,18,5,2,Spring
Tropical Storm Allison (June 1989),Tropical Cyclone,Tropical Cyclone,6/26/1989,1989,6,26,6/28/1989,1989,6,28,1445,11,1,1,1,6/27/1989,178,6,1989,26,6,3,Summer
Hurricane Hugo (September 1989),Tropical Cyclone,Tropical Cyclone,9/21/1989,1989,9,21,9/22/1989,1989,9,22,22139.8,86,0,0,0,9/21/1989,264,9,1989,38,9,4,Fall
Northern Plains Drought (Summer-Fall 1989),Drought,WF/Drought,6/1/1989,1989,6,1,11/30/1989,1989,11,30,7628.1,0,181,26,7,8/31/1989,243,8,1989,35,8,3,Summer
Florida Freeze (December 1989),Freeze,Winter/Freeze,12/23/1989,1989,12,23,12/25/1989,1989,12,25,5080,10,1,1,1,12/24/1989,-7,0,1990,-1,0,1,Winter
"Winter Storm, Cold Wave (December 1989)",Winter Storm,Winter/Freeze,12/21/1989,1989,12,21,12/26/1989,1989,12,26,1652.7,100,4,1,1,12/23/1989,-8,0,1990,-1,0,1,Winter
Southern Flooding (May 1990),Flooding,SevStorm/Flood,5/11/1990,1990,5,11,5/19/1990,1990,5,19,2396.3,13,7,1,1,5/15/1990,135,5,1990,20,5,2,Spring
Colorado Hail Storm (July 1990),Severe Storm,SevStorm/Flood,7/11/1990,1990,7,11,7/11/1990,1990,7,11,1927.1,0,-1,0,0,7/11/1990,192,7,1990,28,7,3,Summer
Western Fire Season (Summer 1990),Wildfire,WF/Drought,6/1/1990,1990,6,1,8/31/1990,1990,8,31,1666.1,17,90,13,3,7/16/1990,197,7,1990,29,7,3,Summer
California Freeze (December 1990),Freeze,Winter/Freeze,12/18/1990,1990,12,18,12/25/1990,1990,12,25,8194,0,6,1,1,12/21/1990,-10,0,1991,-1,0,1,Winter
"Severe Storms, Tornadoes (March 1991)",Severe Storm,SevStorm/Flood,3/26/1991,1991,3,26,3/29/1991,1991,3,29,1464,0,2,1,1,3/27/1991,86,3,1991,13,3,2,Spring
Hurricane Bob (August 1991),Tropical Cyclone,Tropical Cyclone,8/18/1991,1991,8,18,8/20/1991,1991,8,20,3381.6,18,1,1,1,8/19/1991,231,8,1991,33,8,3,Summer
U.S. Drought (Spring-Summer 1991),Drought,WF/Drought,3/1/1991,1991,3,1,8/31/1991,1991,8,31,6859.4,0,182,26,7,5/31/1991,151,5,1991,22,5,2,Spring
Oakland Firestorm (October 1991),Wildfire,WF/Drought,10/1/1991,1991,10,1,10/31/1991,1991,10,31,7359,25,29,5,1,10/16/1991,289,10,1991,42,10,4,Fall
Severe Storms (March 1992),Severe Storm,SevStorm/Flood,3/24/1992,1992,3,24,3/25/1992,1992,3,25,1769.5,0,0,0,0,3/24/1992,84,3,1992,12,3,2,Spring
"Hail, Tornadoes (April 1992)",Severe Storm,SevStorm/Flood,4/28/1992,1992,4,28,4/29/1992,1992,4,29,2099.7,0,0,0,0,4/28/1992,119,4,1992,17,4,2,Spring
"Severe Storms, Hail (June 1992)",Severe Storm,SevStorm/Flood,6/19/1992,1992,6,19,6/20/1992,1992,6,20,1638.1,0,0,0,0,6/19/1992,171,6,1992,25,6,3,Summer
Hurricane Andrew (August 1992),Tropical Cyclone,Tropical Cyclone,8/23/1992,1992,8,23,8/27/1992,1992,8,27,58860,61,3,1,1,8/25/1992,238,8,1992,34,8,3,Summer
Hurricane Iniki (September 1992),Tropical Cyclone,Tropical Cyclone,9/11/1992,1992,9,11,9/12/1992,1992,9,12,6727,7,0,0,0,9/11/1992,255,9,1992,37,9,4,Fall
Southeast Severe Weather (November 1992),Severe Storm,SevStorm/Flood,11/21/1992,1992,11,21,11/23/1992,1992,11,23,1418.9,26,1,1,1,11/22/1992,327,11,1992,47,11,4,Fall
Northeast Winter Storm (December 1992),Winter Storm,Winter/Freeze,12/10/1992,1992,12,10,12/13/1992,1992,12,13,5363.3,19,2,1,1,12/11/1992,-20,0,1993,-2,0,1,Winter
East Coast Blizzard and Severe Weather (March 1993),Winter Storm,Winter/Freeze,3/11/1993,1993,3,11,3/14/1993,1993,3,14,11883.3,270,2,1,1,3/12/1993,71,3,1993,11,3,2,Spring
Northern Plains and Ohio Valley Severe Weather (July 1993),Severe Storm,SevStorm/Flood,7/8/1993,1993,7,8,7/10/1993,1993,7,10,1371.7,1,1,1,1,7/9/1993,190,7,1993,28,7,3,Summer
Midwest Flooding (Summer 1993),Flooding,SevStorm/Flood,6/27/1993,1993,6,27,8/15/1993,1993,8,15,45065.9,48,48,7,2,7/21/1993,202,7,1993,29,7,3,Summer
Southeast Drought and Heat Wave (Summer 1993),Drought,WF/Drought,6/1/1993,1993,6,1,8/31/1993,1993,8,31,2704.8,16,90,13,3,7/16/1993,197,7,1993,29,7,3,Summer
California Wildfires (Fall 1993),Wildfire,WF/Drought,9/1/1993,1993,9,1,11/30/1993,1993,11,30,2907.6,4,89,13,3,10/16/1993,289,10,1993,42,10,4,Fall
"Winter Storm, Cold Wave (January 1994)",Winter Storm,Winter/Freeze,1/17/1994,1994,1,17,1/20/1994,1994,1,20,2184.5,70,2,1,1,1/18/1994,18,1,1994,3,1,1,Winter
Southeast Ice Storm (February 1994),Winter Storm,Winter/Freeze,2/8/1994,1994,2,8,2/13/1994,1994,2,13,6264.7,9,4,1,1,2/10/1994,41,2,1994,6,2,1,Winter
Midwest/Plains Tornadoes (April 1994),Severe Storm,SevStorm/Flood,4/25/1994,1994,4,25,4/27/1994,1994,4,27,2048.9,3,1,1,1,4/26/1994,116,4,1994,17,4,2,Spring
Tropical Storm Alberto (July 1994),Tropical Cyclone,Tropical Cyclone,7/7/1994,1994,7,7,7/10/1994,1994,7,10,2066.9,32,2,1,1,7/8/1994,189,7,1994,27,7,3,Summer
Texas Flooding (October 1994),Flooding,SevStorm/Flood,10/16/1994,1994,10,16,10/25/1994,1994,10,25,2050,19,8,2,1,10/20/1994,293,10,1994,42,10,4,Fall
Western Fire Season (Summer-Fall 1994),Wildfire,WF/Drought,6/1/1994,1994,6,1,11/30/1994,1994,11,30,1500.9,0,181,26,7,8/31/1994,243,8,1994,35,8,3,Summer
California Flooding (January-March 1995),Flooding,SevStorm/Flood,1/1/1995,1995,1,1,3/31/1995,1995,3,31,5100,27,88,13,3,2/14/1995,45,2,1995,7,2,1,Winter
Texas Hail Storm (April 1995),Severe Storm,SevStorm/Flood,4/28/1995,1995,4,28,4/28/1995,1995,4,28,1161.5,0,-1,0,0,4/28/1995,118,4,1995,17,4,2,Spring
South Plains Severe Weather (May 1995),Severe Storm,SevStorm/Flood,5/5/1995,1995,5,5,5/7/1995,1995,5,7,11082.7,32,1,1,1,5/6/1995,126,5,1995,18,5,2,Spring
Hurricane Erin (August 1995),Tropical Cyclone,Tropical Cyclone,8/1/1995,1995,8,1,8/7/1995,1995,8,7,1708.5,6,5,1,1,8/4/1995,216,8,1995,31,8,3,Summer
Hurricane Marilyn (September 1995),Tropical Cyclone,Tropical Cyclone,9/15/1995,1995,9,15,9/17/1995,1995,9,17,4200,13,1,1,1,9/16/1995,259,9,1995,37,9,4,Fall
"Central, Southern and Northeast Drought/Heat Wave (September 1995)",Drought,WF/Drought,7/1/1995,1995,7,1,9/30/1995,1995,9,30,1968,872,90,13,3,8/15/1995,227,8,1995,33,8,3,Summer
Hurricane Opal (October 1995),Tropical Cyclone,Tropical Cyclone,10/4/1995,1995,10,4,10/6/1995,1995,10,6,9378,27,1,1,1,10/5/1995,278,10,1995,40,10,4,Fall
Blizzard/Floods (January 1996),Winter Storm,Winter/Freeze,1/1/1996,1996,1,1,1/31/1996,1996,1,31,5976.1,187,29,5,1,1/16/1996,16,1,1996,3,1,1,Winter
Pacific Northwest Severe Flooding (February 1996),Flooding,SevStorm/Flood,2/7/1996,1996,2,7,2/12/1996,1996,2,12,2006.5,9,4,1,1,2/9/1996,40,2,1996,6,2,1,Winter
Southern Plains Drought (Spring-Summer 1996),Drought,WF/Drought,3/1/1996,1996,3,1,8/31/1996,1996,8,31,3565,0,182,26,7,5/31/1996,152,5,1996,22,5,2,Spring
Hurricane Fran (September 1996),Tropical Cyclone,Tropical Cyclone,9/5/1996,1996,9,5,9/8/1996,1996,9,8,9763.8,37,2,1,1,9/6/1996,250,9,1996,36,9,4,Fall
New England Flooding (October 1996),Flooding,SevStorm/Flood,10/19/1996,1996,10,19,10/22/1996,1996,10,22,1318.3,1,2,1,1,10/20/1996,294,10,1996,42,10,4,Fall
West Coast Flooding (December 1996-January 1997),Flooding,SevStorm/Flood,1/1/1997,1997,1,1,1/11/1997,1997,1,11,5822.8,36,9,2,1,1/6/1997,6,1,1997,1,1,1,Winter
Mississippi and Ohio Valley Severe Weather and Flooding (March 1997),Severe Storm,SevStorm/Flood,2/28/1997,1997,2,28,3/5/1997,1997,3,5,1877,67,4,1,1,3/2/1997,61,3,1997,9,3,2,Spring
Northern Plains Flooding (Spring 1997),Flooding,SevStorm/Flood,2/3/1997,1997,2,3,5/24/1997,1997,5,24,7058.8,11,109,16,4,3/30/1997,89,3,1997,13,3,2,Spring
Northeast Ice Storm (January 1998),Winter Storm,Winter/Freeze,1/5/1998,1998,1,5,1/9/1998,1998,1,9,2663.4,16,3,1,1,1/7/1998,7,1,1998,1,1,1,Winter
Western/Eastern Severe Weather and Flooding (Winter-Spring 1998),Severe Storm,SevStorm/Flood,12/1/1997,1997,12,1,2/28/1998,1998,2,28,1908.5,132,88,13,3,1/14/1998,14,1,1998,2,1,1,Winter
Minnesota Severe Storms/Hail (May 1998),Severe Storm,SevStorm/Flood,5/15/1998,1998,5,15,5/15/1998,1998,5,15,3083.1,1,-1,0,0,5/15/1998,135,5,1998,20,5,2,Spring
"Northern Plains and Great Lakes Derecho, Tornadoes (June 1998)",Severe Storm,SevStorm/Flood,5/30/1998,1998,5,30,6/2/1998,1998,6,2,2151.7,20,2,1,1,5/31/1998,151,5,1998,22,5,2,Spring
Central and Eastern Severe Storms and Flooding (June 1998),Severe Storm,SevStorm/Flood,6/20/1998,1998,6,20,6/24/1998,1998,6,24,1680.7,12,3,1,1,6/22/1998,173,6,1998,25,6,3,Summer
Tropical Storm Frances (September 1998),Tropical Cyclone,Tropical Cyclone,8/8/1998,1998,8,8,8/13/1998,1998,8,13,1316,2,4,1,1,8/10/1998,222,8,1998,32,8,3,Summer
Hurricane Bonnie (August 1998),Tropical Cyclone,Tropical Cyclone,8/27/1998,1998,8,27,8/29/1998,1998,8,29,1842.4,3,1,1,1,8/28/1998,240,8,1998,35,8,3,Summer
Southern Drought and Heat Wave (Summer 1998),Drought,WF/Drought,6/1/1998,1998,6,1,8/31/1998,1998,8,31,6703.3,200,90,13,3,7/16/1998,197,7,1998,29,7,3,Summer
Hurricane Georges (September 1998),Tropical Cyclone,Tropical Cyclone,9/20/1998,1998,9,20,9/29/1998,1998,9,29,11250.9,16,8,2,1,9/24/1998,267,9,1998,39,9,4,Fall
Texas Flooding (October 1998),Flooding,SevStorm/Flood,10/16/1998,1998,10,16,10/24/1998,1998,10,24,1761.7,31,7,1,1,10/20/1998,293,10,1998,42,10,4,Fall
California Freeze (December 1998),Freeze,Winter/Freeze,12/20/1998,1998,12,20,12/28/1998,1998,12,28,4750,0,7,1,1,12/24/1998,-7,0,1999,-1,0,1,Winter
Central and Eastern Winter Storm (January 1999),Winter Storm,Winter/Freeze,1/1/1999,1999,1,1,1/4/1999,1999,1,4,1930.6,25,2,1,1,1/2/1999,2,1,1999,1,1,1,Winter
Central and Eastern Winter Storm (Mid-January 1999),Winter Storm,Winter/Freeze,1/13/1999,1999,1,13,1/16/1999,1999,1,16,1649.4,0,2,1,1,1/14/1999,14,1,1999,2,1,1,Winter
Oklahoma and Kansas Tornadoes (May 1999),Severe Storm,SevStorm/Flood,5/3/1999,1999,5,3,5/6/1999,1999,5,6,3722.6,55,2,1,1,5/4/1999,124,5,1999,18,5,2,Spring
Eastern Drought/Heat Wave (Summer 1999),Drought,WF/Drought,6/1/1999,1999,6,1,8/31/1999,1999,8,31,4673.1,502,90,13,3,7/16/1999,197,7,1999,29,7,3,Summer
Hurricane Floyd (September 1999),Tropical Cyclone,Tropical Cyclone,9/14/1999,1999,9,14,9/16/1999,1999,9,16,11878.5,77,1,1,1,9/15/1999,258,9,1999,37,9,4,Fall
Southeast Winter Storm (January 2000),Winter Storm,Winter/Freeze,1/21/2000,2000,1,21,1/24/2000,2000,1,24,1284.9,4,2,1,1,1/22/2000,22,1,2000,4,1,1,Winter
Southern Severe Weather (March 2000),Severe Storm,SevStorm/Flood,3/28/2000,2000,3,28,3/29/2000,2000,3,29,1235.1,0,0,0,0,3/28/2000,88,3,2000,13,3,2,Spring
Western Fire Season (Spring-Summer 2000),Wildfire,WF/Drought,3/1/2000,2000,3,1,8/31/2000,2000,8,31,1924.4,0,182,26,7,5/31/2000,152,5,2000,22,5,2,Spring
South Florida Flooding (October 2000),Flooding,SevStorm/Flood,10/3/2000,2000,10,3,10/4/2000,2000,10,4,1584,3,0,0,0,10/3/2000,277,10,2000,40,10,4,Fall
Western/Central/Southeast Drought/Heat Wave (Spring-Fall 2000),Drought,WF/Drought,3/1/2000,2000,3,1,11/30/2000,2000,11,30,9094.9,140,273,39,10,7/16/2000,198,7,2000,29,7,3,Summer
Midwest/Ohio Valley Hail and Tornadoes (April 2001),Severe Storm,SevStorm/Flood,4/6/2001,2001,4,6,4/11/2001,2001,4,11,5385.2,3,4,1,1,4/8/2001,98,4,2001,14,4,2,Spring
North Central Severe Weather (May 2001),Severe Storm,SevStorm/Flood,4/30/2001,2001,4,30,5/1/2001,2001,5,1,1167.6,0,0,0,0,4/30/2001,120,4,2001,18,4,2,Spring
Tropical Storm Allison (June 2001),Tropical Cyclone,Tropical Cyclone,6/5/2001,2001,6,5,6/17/2001,2001,6,17,14743.1,43,11,2,1,6/11/2001,162,6,2001,24,6,3,Summer
Severe Storms and Tornadoes (April 2002),Severe Storm,SevStorm/Flood,4/27/2002,2002,4,27,4/28/2002,2002,4,28,3580.3,7,0,0,0,4/27/2002,117,4,2002,17,4,2,Spring
Hurricane Lili (October 2002),Tropical Cyclone,Tropical Cyclone,8/1/2002,2002,8,1,8/5/2002,2002,8,5,1877.7,2,3,1,1,8/3/2002,215,8,2002,31,8,3,Summer
Tropical Storm Isidore (September 2002),Tropical Cyclone,Tropical Cyclone,9/25/2002,2002,9,25,9/27/2002,2002,9,27,1955,5,1,1,1,9/26/2002,269,9,2002,39,9,4,Fall
Eastern Tornadoes and Severe Storms (November 2002),Severe Storm,SevStorm/Flood,11/9/2002,2002,11,9,11/11/2002,2002,11,11,1216.9,28,1,1,1,11/10/2002,314,11,2002,45,11,4,Fall
Western Fire Season (Fall 2002),Wildfire,WF/Drought,9/1/2002,2002,9,1,11/30/2002,2002,11,30,2248.8,21,89,13,3,10/16/2002,289,10,2002,42,10,4,Fall
U.S. Drought (Spring-Fall 2002),Drought,WF/Drought,3/1/2002,2002,3,1,11/30/2002,2002,11,30,15581.1,0,273,39,10,7/16/2002,197,7,2002,29,7,3,Summer
Severe Storms/Hail (April 2003),Severe Storm,SevStorm/Flood,4/4/2003,2003,4,4,4/7/2003,2003,4,7,3350.5,3,2,1,1,4/5/2003,95,4,2003,14,4,2,Spring
Severe Storms/Tornadoes (May 2003),Severe Storm,SevStorm/Flood,5/3/2003,2003,5,3,5/10/2003,2003,5,10,6894.4,51,6,1,1,5/6/2003,126,5,2003,18,5,2,Spring
Midwest/Plains Severe Weather (July 2003),Severe Storm,SevStorm/Flood,7/4/2003,2003,7,4,7/9/2003,2003,7,9,1433,7,4,1,1,7/6/2003,187,7,2003,27,7,3,Summer
Southern Derecho and Eastern Severe Weather (July 2003),Severe Storm,SevStorm/Flood,7/21/2003,2003,7,21,7/23/2003,2003,7,23,1683.8,7,1,1,1,7/22/2003,203,7,2003,29,7,3,Summer
Hurricane Isabel (September 2003),Tropical Cyclone,Tropical Cyclone,9/18/2003,2003,9,18,9/19/2003,2003,9,19,9103.5,55,0,0,0,9/18/2003,261,9,2003,38,9,4,Fall
Western/Central Drought/Heat Wave (Spring-Fall 2003),Drought,WF/Drought,3/1/2003,2003,3,1,11/30/2003,2003,11,30,8480.1,35,273,39,10,7/16/2003,197,7,2003,29,7,3,Summer
California Wildfires (Fall 2003),Wildfire,WF/Drought,9/1/2003,2003,9,1,11/30/2003,2003,11,30,6458.1,22,89,13,3,10/16/2003,289,10,2003,42,10,4,Fall
"Severe Storms, Hail, Tornadoes (May 2004)",Severe Storm,SevStorm/Flood,5/21/2004,2004,5,21,5/27/2004,2004,5,27,1642.7,4,5,1,1,5/24/2004,145,5,2004,21,5,2,Spring
Colorado Hail Storms (June 2004),Severe Storm,SevStorm/Flood,6/8/2004,2004,6,8,6/9/2004,2004,6,9,1125.9,0,0,0,0,6/8/2004,160,6,2004,23,6,3,Summer
Hurricane Charley (August 2004),Tropical Cyclone,Tropical Cyclone,8/13/2004,2004,8,13,8/14/2004,2004,8,14,25919.2,35,0,0,0,8/13/2004,226,8,2004,33,8,3,Summer
Hurricane Frances (September 2004),Tropical Cyclone,Tropical Cyclone,9/3/2004,2004,9,3,9/9/2004,2004,9,9,15876,48,5,1,1,9/6/2004,250,9,2004,36,9,4,Fall
Hurricane Ivan (September 2004),Tropical Cyclone,Tropical Cyclone,9/12/2004,2004,9,12,9/21/2004,2004,9,21,33211,57,8,2,1,9/16/2004,260,9,2004,38,9,4,Fall
Hurricane Jeanne (September 2004),Tropical Cyclone,Tropical Cyclone,9/15/2004,2004,9,15,9/29/2004,2004,9,29,12144.6,28,13,2,1,9/22/2004,266,9,2004,38,9,4,Fall
Southeast Severe Weather (March 2005),Severe Storm,SevStorm/Flood,3/24/2005,2005,3,24,3/27/2005,2005,3,27,1375.4,0,2,1,1,3/25/2005,84,3,2005,12,3,2,Spring
Hurricane Dennis (July 2005),Tropical Cyclone,Tropical Cyclone,7/9/2005,2005,7,9,7/11/2005,2005,7,11,3917.1,15,1,1,1,7/10/2005,191,7,2005,28,7,3,Summer
Hurricane Katrina (August 2005),Tropical Cyclone,Tropical Cyclone,8/25/2005,2005,8,25,8/30/2005,2005,8,30,195046.1,1833,4,1,1,8/27/2005,239,8,2005,35,8,3,Summer
Midwest Drought (Spring-Summer 2005),Drought,WF/Drought,3/1/2005,2005,3,1,8/31/2005,2005,8,31,2374.6,0,182,26,7,5/31/2005,151,5,2005,22,5,2,Spring
Hurricane Rita (September 2005),Tropical Cyclone,Tropical Cyclone,9/20/2005,2005,9,20,9/24/2005,2005,9,24,28490.1,119,3,1,1,9/22/2005,265,9,2005,38,9,4,Fall
Hurricane Wilma (October 2005),Tropical Cyclone,Tropical Cyclone,10/24/2005,2005,10,24,10/24/2005,2005,10,24,29260,35,-1,0,0,10/24/2005,297,10,2005,43,10,4,Fall
Severe Storms and Tornadoes (March 2006),Severe Storm,SevStorm/Flood,3/8/2006,2006,3,8,3/13/2006,2006,3,13,2059.9,10,4,1,1,3/10/2006,69,3,2006,10,3,2,Spring
"Midwest/Southeast Tornadoes (April 6-8, 2006)",Severe Storm,SevStorm/Flood,4/6/2006,2006,4,6,4/8/2006,2006,4,8,2437.8,10,1,1,1,4/7/2006,97,4,2006,14,4,2,Spring
Midwest Tornadoes (April 2006),Severe Storm,SevStorm/Flood,4/13/2006,2006,4,13,4/16/2006,2006,4,16,3683.8,27,2,1,1,4/14/2006,104,4,2006,15,4,2,Spring
Northeast Flooding (June 2006),Flooding,SevStorm/Flood,6/25/2006,2006,6,25,6/28/2006,2006,6,28,2297.7,20,2,1,1,6/26/2006,177,6,2006,26,6,3,Summer
North Central Severe Weather and Tornadoes (August 2006),Severe Storm,SevStorm/Flood,8/23/2006,2006,8,23,8/24/2006,2006,8,24,1146.2,1,0,0,0,8/23/2006,235,8,2006,34,8,3,Summer
Midwest/Plains/Southeast Drought (Spring-Summer 2006),Drought,WF/Drought,3/1/2006,2006,3,1,8/31/2006,2006,8,31,9296.7,0,182,26,7,5/31/2006,151,5,2006,22,5,2,Spring
Central Severe Weather (October 2006),Severe Storm,SevStorm/Flood,10/2/2006,2006,10,2,10/5/2006,2006,10,5,1336.1,1,2,1,1,10/3/2006,276,10,2006,40,10,4,Fall
Numerous Wildfires (2006),Wildfire,WF/Drought,1/1/2006,2006,1,1,12/31/2006,2006,12,31,2273.8,28,363,52,13,7/2/2006,183,7,2006,27,7,3,Summer
California Freeze (January 2007),Freeze,Winter/Freeze,1/11/2007,2007,1,11,1/17/2007,2007,1,17,2128,1,5,1,1,1/14/2007,14,1,2007,2,1,1,Winter
Spring Freeze (April 2007),Freeze,Winter/Freeze,4/4/2007,2007,4,4,4/10/2007,2007,4,10,3107,0,5,1,1,4/7/2007,97,4,2007,14,4,2,Spring
East/South Severe Weather and Flooding (April 2007),Severe Storm,SevStorm/Flood,4/13/2007,2007,4,13,4/17/2007,2007,4,17,3736.7,9,3,1,1,4/15/2007,105,4,2007,15,4,2,Spring
Western Wildfires (Summer 2007),Wildfire,WF/Drought,6/1/2007,2007,6,1,8/31/2007,2007,8,31,4029.7,12,90,13,3,7/16/2007,197,7,2007,29,7,3,Summer
Western/Eastern Drought/Heat Wave (Summer-Fall 2007),Drought,WF/Drought,6/1/2007,2007,6,1,11/30/2007,2007,11,30,5378,15,181,26,7,8/31/2007,243,8,2007,35,8,3,Summer
"Western, Central and Northeast Severe Weather (January 2008)",Severe Storm,SevStorm/Flood,1/4/2008,2008,1,4,1/9/2008,2008,1,9,1424.2,12,4,1,1,1/6/2008,6,1,2008,1,1,1,Winter
Southeast Tornadoes and Severe Weather (February 2008),Severe Storm,SevStorm/Flood,2/5/2008,2008,2,5,2/6/2008,2008,2,6,1756.9,57,0,0,0,2/5/2008,36,2,2008,6,2,1,Winter
Southeast Tornadoes (March 2008),Severe Storm,SevStorm/Flood,3/14/2008,2008,3,14,3/15/2008,2008,3,15,1628.6,5,0,0,0,3/14/2008,74,3,2008,11,3,2,Spring
Southern Severe Weather (April 2008),Severe Storm,SevStorm/Flood,4/9/2008,2008,4,9,4/11/2008,2008,4,11,1486.7,2,1,1,1,4/10/2008,101,4,2008,15,4,2,Spring
Midwest Tornadoes and Severe Weather (May 2008),Severe Storm,SevStorm/Flood,5/22/2008,2008,5,22,5/27/2008,2008,5,27,4301.9,13,4,1,1,5/24/2008,145,5,2008,21,5,2,Spring
Midwest/Mid-Atlantic Severe Weather (June 2008),Severe Storm,SevStorm/Flood,6/6/2008,2008,6,6,6/12/2008,2008,6,12,2290.3,18,5,1,1,6/9/2008,161,6,2008,23,6,3,Summer
Midwest Flooding (Summer 2008),Flooding,SevStorm/Flood,4/1/2008,2008,4,1,6/30/2008,2008,6,30,14439.8,24,89,13,3,5/16/2008,137,5,2008,20,5,2,Spring
Hurricane Dolly (July 2008),Tropical Cyclone,Tropical Cyclone,7/23/2008,2008,7,23,7/25/2008,2008,7,25,1774.2,3,1,1,1,7/24/2008,206,7,2008,30,7,3,Summer
Hurricane Gustav (September 2008),Tropical Cyclone,Tropical Cyclone,8/31/2008,2008,8,31,9/3/2008,2008,9,3,8395.8,53,2,1,1,9/1/2008,245,9,2008,35,9,4,Fall
Hurricane Ike (September 2008),Tropical Cyclone,Tropical Cyclone,9/12/2008,2008,9,12,9/14/2008,2008,9,14,41998.3,112,1,1,1,9/13/2008,257,9,2008,37,9,4,Fall
U.S. Wildfires (Fall 2008),Wildfire,WF/Drought,9/1/2008,2008,9,1,11/30/2008,2008,11,30,1727.7,16,89,13,3,10/16/2008,290,10,2008,42,10,4,Fall
U.S. Drought (2008),Drought,WF/Drought,1/1/2008,2008,1,1,12/31/2008,2008,12,31,10164.6,0,364,52,13,7/1/2008,183,7,2008,27,7,3,Summer
Southeast/Ohio Valley Severe Weather (February 2009),Severe Storm,SevStorm/Flood,2/10/2009,2009,2,10,2/11/2009,2009,2,11,2523.4,10,0,0,0,2/10/2009,41,2,2009,6,2,1,Winter
Midwest/Southeast Tornadoes (March 2009),Severe Storm,SevStorm/Flood,3/25/2009,2009,3,25,3/28/2009,2009,3,28,2362.3,0,2,1,1,3/26/2009,85,3,2009,13,3,2,Spring
South/Southeast Severe Weather and Tornadoes (April 2009),Severe Storm,SevStorm/Flood,4/9/2009,2009,4,9,4/10/2009,2009,4,10,2059.3,6,0,0,0,4/9/2009,99,4,2009,15,4,2,Spring
Central Derecho and Tornadoes (May 2009),Severe Storm,SevStorm/Flood,5/7/2009,2009,5,7,5/9/2009,2009,5,9,1239.8,7,1,1,1,5/8/2009,128,5,2009,19,5,2,Spring
"Midwest, South and East Severe Weather (June 2009)",Severe Storm,SevStorm/Flood,6/9/2009,2009,6,9,6/12/2009,2009,6,12,1885.8,0,2,1,1,6/10/2009,161,6,2009,23,6,3,Summer
Colorado Hail Storm (July 2009),Severe Storm,SevStorm/Flood,7/20/2009,2009,7,20,7/20/2009,2009,7,20,1430,0,-1,0,0,7/20/2009,201,7,2009,29,7,3,Summer
Georgia Flooding (September 2009),Flooding,SevStorm/Flood,9/19/2009,2009,9,19,9/22/2009,2009,9,22,1275.9,10,2,1,1,9/20/2009,263,9,2009,38,9,4,Fall
Western Wildfires (Summer-Fall 2009),Wildfire,WF/Drought,6/1/2009,2009,6,1,11/30/2009,2009,11,30,1436.8,10,181,26,7,8/31/2009,243,8,2009,35,8,3,Summer
Southwest/Great Plains Drought (2009),Drought,WF/Drought,1/1/2009,2009,1,1,12/31/2009,2009,12,31,5063.4,0,363,52,13,7/2/2009,183,7,2009,27,7,3,Summer
Northeast Winter Storm (February 2010),Winter Storm,Winter/Freeze,2/9/2010,2010,2,9,2/11/2010,2010,2,11,1160.2,3,1,1,1,2/10/2010,41,2,2010,6,2,1,Winter
Northeast Flooding (March 2010),Flooding,SevStorm/Flood,3/1/2010,2010,3,1,3/31/2010,2010,3,31,2618.9,11,29,5,1,3/16/2010,75,3,2010,11,3,2,Spring
East/South Flooding and Severe Weather (May 2010),Flooding,SevStorm/Flood,4/30/2010,2010,4,30,5/2/2010,2010,5,2,3218,32,1,1,1,5/1/2010,121,5,2010,18,5,2,Spring
"Oklahoma, Kansas, and Texas Tornadoes and Severe Weather (May 2010)",Severe Storm,SevStorm/Flood,5/10/2010,2010,5,10,5/12/2010,2010,5,12,4700.7,3,1,1,1,5/11/2010,131,5,2010,19,5,2,Spring
Rockies/Central/East Severe Weather (June 2010),Severe Storm,SevStorm/Flood,6/10/2010,2010,6,10,6/15/2010,2010,6,15,1270.5,2,4,1,1,6/12/2010,163,6,2010,24,6,3,Summer
Midwest/Northeast Severe Storms and Flooding (July 2010),Severe Storm,SevStorm/Flood,7/20/2010,2010,7,20,7/23/2010,2010,7,23,1337.2,0,2,1,1,7/21/2010,202,7,2010,29,7,3,Summer
Arizona Severe Weather (October 2010),Severe Storm,SevStorm/Flood,10/5/2010,2010,10,5,10/6/2010,2010,10,6,5320,0,0,0,0,10/5/2010,278,10,2010,40,10,4,Fall
Groundhog Day Blizzard (February 2011),Winter Storm,Winter/Freeze,2/1/2011,2011,2,1,2/3/2011,2011,2,3,2493.9,36,1,1,1,2/2/2011,33,2,2011,5,2,1,Winter
Midwest/Southeast Tornadoes and Derecho (April 2011),Severe Storm,SevStorm/Flood,4/4/2011,2011,4,4,4/5/2011,2011,4,5,3802.1,9,0,0,0,4/4/2011,94,4,2011,14,4,2,Spring
Southeast/Midwest Tornadoes (April 2011),Severe Storm,SevStorm/Flood,4/8/2011,2011,4,8,4/11/2011,2011,4,11,2985.6,0,2,1,1,4/9/2011,99,4,2011,15,4,2,Spring
Midwest/Southeast Tornadoes (April 2011),Severe Storm,SevStorm/Flood,4/14/2011,2011,4,14,4/16/2011,2011,4,16,2821.1,38,1,1,1,4/15/2011,105,4,2011,15,4,2,Spring
Ohio Valley Derecho and Southern Tornadoes (April 2011),Severe Storm,SevStorm/Flood,4/19/2011,2011,4,19,4/20/2011,2011,4,20,1421.4,0,0,0,0,4/19/2011,109,4,2011,16,4,2,Spring
Southeast/Ohio Valley/Midwest Tornadoes (April 2011),Severe Storm,SevStorm/Flood,4/25/2011,2011,4,25,4/28/2011,2011,4,28,14004.1,321,2,1,1,4/26/2011,116,4,2011,17,4,2,Spring
Midwest/Southeast Tornadoes (May 2011),Severe Storm,SevStorm/Flood,5/22/2011,2011,5,22,5/27/2011,2011,5,27,12371.7,177,4,1,1,5/24/2011,144,5,2011,21,5,2,Spring
Mississippi River flooding (April-May 2011),Flooding,SevStorm/Flood,4/1/2011,2011,4,1,5/31/2011,2011,5,31,4150.5,7,59,9,2,5/1/2011,121,5,2011,18,5,2,Spring
Midwest/Southeast Tornadoes and Severe Weather (June 2011),Severe Storm,SevStorm/Flood,6/18/2011,2011,6,18,6/22/2011,2011,6,22,2090.6,3,3,1,1,6/20/2011,171,6,2011,25,6,3,Summer
Missouri River flooding (May-June 2011),Flooding,SevStorm/Flood,5/1/2011,2011,5,1,6/30/2011,2011,6,30,2783.3,5,59,9,2,5/31/2011,151,5,2011,22,5,2,Spring
"North Central Severe Weather (July 1, 2011)",Severe Storm,SevStorm/Flood,7/1/2011,2011,7,1,7/1/2011,2011,7,1,1207.7,0,-1,0,0,7/1/2011,182,7,2011,26,7,3,Summer
"Rockies and Midwest Derecho (July 10-11, 2011)",Severe Storm,SevStorm/Flood,7/10/2011,2011,7,10,7/11/2011,2011,7,11,1679.6,2,0,0,0,7/10/2011,191,7,2011,28,7,3,Summer
"Midwest/Southeast Severe Weather (August 17-18, 2011)",Severe Storm,SevStorm/Flood,8/17/2011,2011,8,17,8/18/2011,2011,8,18,1566,0,0,0,0,8/17/2011,229,8,2011,33,8,3,Summer
Hurricane Irene (August 2011),Tropical Cyclone,Tropical Cyclone,8/26/2011,2011,8,26,8/28/2011,2011,8,28,18351.9,45,1,1,1,8/27/2011,239,8,2011,35,8,3,Summer
Southern Plains/Southwest Drought and Heat Wave (Spring-Summer 2011),Drought,WF/Drought,3/1/2011,2011,3,1,8/31/2011,2011,8,31,16631.1,95,182,26,7,5/31/2011,151,5,2011,22,5,2,Spring
Tropical Storm Lee (September 2011),Tropical Cyclone,Tropical Cyclone,9/1/2011,2011,9,1,9/5/2011,2011,9,5,3392.1,21,3,1,1,9/3/2011,246,9,2011,36,9,4,Fall
Northeastern Winter Storm (October 2011),Winter Storm,Winter/Freeze,10/29/2011,2011,10,29,10/30/2011,2011,10,30,1258.1,1,0,0,0,10/29/2011,302,10,2011,44,10,4,Fall
"Texas, New Mexico, Arizona Wildfires (Summer-Fall 2011)",Wildfire,WF/Drought,6/1/2011,2011,6,1,11/30/2011,2011,11,30,2476.2,5,181,26,7,8/31/2011,243,8,2011,35,8,3,Summer
Southeast/Ohio Valley Tornadoes (March 2012),Severe Storm,SevStorm/Flood,3/2/2012,2012,3,2,3/3/2012,2012,3,3,4192.7,42,0,0,0,3/2/2012,62,3,2012,9,3,2,Spring
Texas Tornadoes (April 2012),Severe Storm,SevStorm/Flood,4/2/2012,2012,4,2,4/3/2012,2012,4,3,1350.3,0,0,0,0,4/2/2012,93,4,2012,14,4,2,Spring
Midwest Tornadoes (April 2012),Severe Storm,SevStorm/Flood,4/13/2012,2012,4,13,4/14/2012,2012,4,14,1494.4,6,0,0,0,4/13/2012,104,4,2012,15,4,2,Spring
Midwest/Ohio Valley Severe Weather (April-May 2012),Severe Storm,SevStorm/Flood,4/28/2012,2012,4,28,5/1/2012,2012,5,1,4357.4,1,2,1,1,4/29/2012,120,4,2012,18,4,2,Spring
Southern Plains/Midwest/Northeast Severe Weather (May 2012),Severe Storm,SevStorm/Flood,5/25/2012,2012,5,25,5/30/2012,2012,5,30,3087,1,4,1,1,5/27/2012,148,5,2012,22,5,2,Spring
Rockies/Southwest Severe Weather (June 2012),Severe Storm,SevStorm/Flood,6/6/2012,2012,6,6,6/12/2012,2012,6,12,3481,0,5,1,1,6/9/2012,161,6,2012,23,6,3,Summer
Plains/East/Northeast Derecho (June-July 2012),Severe Storm,SevStorm/Flood,6/29/2012,2012,6,29,7/2/2012,2012,7,2,3870.6,28,2,1,1,6/30/2012,182,6,2012,26,6,3,Summer
Hurricane Isaac (August 2012),Tropical Cyclone,Tropical Cyclone,8/26/2012,2012,8,26,8/31/2012,2012,8,31,3675.4,9,4,1,1,8/28/2012,241,8,2012,35,8,3,Summer
Hurricane Sandy (October 2012),Tropical Cyclone,Tropical Cyclone,10/30/2012,2012,10,30,10/31/2012,2012,10,31,86502.7,159,0,0,0,10/30/2012,304,10,2012,44,10,4,Fall
Western Wildfires (Summer-Fall 2012),Wildfire,WF/Drought,6/1/2012,2012,6,1,11/30/2012,2012,11,30,2329.6,8,181,26,7,8/31/2012,244,8,2012,35,8,3,Summer
U.S. Drought/Heat Wave (2012),Drought,WF/Drought,1/1/2012,2012,1,1,12/31/2012,2012,12,31,40504.8,123,364,52,13,7/1/2012,183,7,2012,27,7,3,Summer
Southern Severe Weather (February 2013),Severe Storm,SevStorm/Flood,2/24/2013,2013,2,24,2/25/2013,2013,2,25,1217,1,0,0,0,2/24/2013,55,2,2013,8,2,1,Winter
Southeast Severe Weather (March 2013),Severe Storm,SevStorm/Flood,3/18/2013,2013,3,18,3/18/2013,2013,3,18,2666.5,1,-1,0,0,3/18/2013,77,3,2013,11,3,2,Spring
Midwest/Plains Severe Weather (April 2013),Severe Storm,SevStorm/Flood,4/7/2013,2013,4,7,4/11/2013,2013,4,11,1906.1,1,3,1,1,4/9/2013,99,4,2013,15,4,2,Spring
Illinois Flooding and Severe Weather (April 2013),Flooding,SevStorm/Flood,4/16/2013,2013,4,16,4/19/2013,2013,4,19,1421.6,4,2,1,1,4/17/2013,107,4,2013,16,4,2,Spring
Midwest/Plains/East Tornadoes (May 2013),Severe Storm,SevStorm/Flood,5/18/2013,2013,5,18,5/22/2013,2013,5,22,3168.4,27,3,1,1,5/20/2013,140,5,2013,20,5,2,Spring
Midwest/Plains/Northeast Tornadoes (May 2013),Severe Storm,SevStorm/Flood,5/27/2013,2013,5,27,5/31/2013,2013,5,31,2393.8,10,3,1,1,5/29/2013,149,5,2013,22,5,2,Spring
Midwest Severe Weather (August 2013),Severe Storm,SevStorm/Flood,8/6/2013,2013,8,6,8/7/2013,2013,8,7,1365,0,0,0,0,8/6/2013,218,8,2013,32,8,3,Summer
Colorado Flooding (September 2013),Flooding,SevStorm/Flood,9/10/2013,2013,9,10,9/16/2013,2013,9,16,1976.1,9,5,1,1,9/13/2013,256,9,2013,37,9,4,Fall
Ohio Valley Tornadoes (November 2013),Severe Storm,SevStorm/Flood,11/17/2013,2013,11,17,11/17/2013,2013,11,17,1439.7,8,-1,0,0,11/17/2013,321,11,2013,46,11,4,Fall
Western/Plains Drought/Heat Wave (Spring-Fall 2013),Drought,WF/Drought,3/1/2013,2013,3,1,11/30/2013,2013,11,30,13866.6,53,273,39,10,7/16/2013,197,7,2013,29,7,3,Summer
Midwest/Southeast/Northeast Winter Storm (January 2014),Winter Storm,Winter/Freeze,1/5/2014,2014,1,5,1/8/2014,2014,1,8,2846.4,16,2,1,1,1/6/2014,6,1,2014,1,1,1,Winter
Plains Severe Weather (April 2014),Severe Storm,SevStorm/Flood,4/2/2014,2014,4,2,4/3/2014,2014,4,3,1851.3,0,0,0,0,4/2/2014,92,4,2014,14,4,2,Spring
Central Severe Weather (April 2014),Severe Storm,SevStorm/Flood,4/12/2014,2014,4,12,4/13/2014,2014,4,13,1193.4,0,0,0,0,4/12/2014,102,4,2014,15,4,2,Spring
Midwest/Southeast/Northeast Tornadoes and Flooding (April 2014),Severe Storm,SevStorm/Flood,4/27/2014,2014,4,27,5/1/2014,2014,5,1,2257.2,33,3,1,1,4/29/2014,119,4,2014,17,4,2,Spring
Center Severe Weather (May 2014),Severe Storm,SevStorm/Flood,5/10/2014,2014,5,10,5/14/2014,2014,5,14,1100.4,0,3,1,1,5/12/2014,132,5,2014,19,5,2,Spring
Rockies/Midwest/Eastern Severe Weather (May 2014),Severe Storm,SevStorm/Flood,5/18/2014,2014,5,18,5/23/2014,2014,5,23,4790.1,0,4,1,1,5/20/2014,140,5,2014,20,5,2,Spring
Rockies/Central Plains Severe Weather (June 2014),Severe Storm,SevStorm/Flood,6/3/2014,2014,6,3,6/5/2014,2014,6,5,2475.8,2,1,1,1,6/4/2014,155,6,2014,23,6,3,Summer
Michigan and Northeast Flooding (August 2014),Flooding,SevStorm/Flood,8/11/2014,2014,8,11,8/13/2014,2014,8,13,1330.9,2,1,1,1,8/12/2014,224,8,2014,32,8,3,Summer
Rockies/Plains Severe Weather (September 2014),Severe Storm,SevStorm/Flood,9/29/2014,2014,9,29,10/2/2014,2014,10,2,1806.5,0,2,1,1,9/30/2014,273,9,2014,39,9,4,Fall
Western Drought (2014),Drought,WF/Drought,1/1/2014,2014,1,1,12/31/2014,2014,12,31,5176.8,0,363,52,13,7/2/2014,183,7,2014,27,7,3,Summer
"Central and Eastern Winter storm, Cold Wave (February 2015)",Winter Storm,Winter/Freeze,2/14/2015,2015,2,14,2/20/2015,2015,2,20,3880.2,30,5,1,1,2/17/2015,48,2,2015,7,2,1,Winter
Midwest/Ohio Valley Severe Weather (April 2015),Severe Storm,SevStorm/Flood,4/7/2015,2015,4,7,4/9/2015,2015,4,9,2022.1,2,1,1,1,4/8/2015,98,4,2015,14,4,2,Spring
South/Southeast Severe Weather (April 2015),Severe Storm,SevStorm/Flood,4/18/2015,2015,4,18,4/20/2015,2015,4,20,1669.1,0,1,1,1,4/19/2015,109,4,2015,16,4,2,Spring
South and Southeast Severe Weather (April 2015),Severe Storm,SevStorm/Flood,4/24/2015,2015,4,24,4/25/2015,2015,4,25,1227.2,3,0,0,0,4/24/2015,114,4,2015,17,4,2,Spring
Southern Plains Tornadoes (May 2015),Severe Storm,SevStorm/Flood,5/6/2015,2015,5,6,5/10/2015,2015,5,10,1640.9,4,3,1,1,5/8/2015,128,5,2015,19,5,2,Spring
Texas and Oklahoma Flooding and Severe Weather (May 2015),Flooding,SevStorm/Flood,5/23/2015,2015,5,23,5/26/2015,2015,5,26,3275.4,31,2,1,1,5/24/2015,144,5,2015,21,5,2,Spring
Central and Northeast Severe Weather (June 2015),Severe Storm,SevStorm/Flood,6/21/2015,2015,6,21,6/25/2015,2015,6,25,1511.8,1,3,1,1,6/23/2015,174,6,2015,25,6,3,Summer
South Carolina and East Coast Flooding (October 2015),Flooding,SevStorm/Flood,10/1/2015,2015,10,1,10/5/2015,2015,10,5,2577.7,25,3,1,1,10/3/2015,276,10,2015,40,10,4,Fall
Western and Alaskan Wildfires (Summer-Fall 2015),Wildfire,WF/Drought,6/1/2015,2015,6,1,11/30/2015,2015,11,30,3906.1,12,181,26,7,8/31/2015,243,8,2015,35,8,3,Summer
Texas Tornadoes and Midwest Flooding (December 2015),Severe Storm,SevStorm/Flood,12/26/2015,2015,12,26,12/29/2015,2015,12,29,2550.4,50,2,1,1,12/27/2015,-4,0,2016,0,0,1,Winter
Western Drought (2015),Drought,WF/Drought,1/1/2015,2015,1,1,12/31/2015,2015,12,31,5850.6,0,363,52,13,7/2/2015,183,7,2015,27,7,3,Summer
Southeast and Eastern Tornadoes (February 2016),Severe Storm,SevStorm/Flood,2/22/2016,2016,2,22,2/24/2016,2016,2,24,1341.6,10,1,1,1,2/23/2016,54,2,2016,8,2,1,Winter
Texas and Louisiana Flooding (March 2016),Flooding,SevStorm/Flood,3/8/2016,2016,3,8,3/12/2016,2016,3,12,2960.3,5,3,1,1,3/10/2016,70,3,2016,10,3,2,Spring
Southern Severe Weather (March 2016),Severe Storm,SevStorm/Flood,3/17/2016,2016,3,17,3/18/2016,2016,3,18,1561.3,1,0,0,0,3/17/2016,77,3,2016,11,3,2,Spring
North Texas Hail Storm (March 2016),Severe Storm,SevStorm/Flood,3/23/2016,2016,3,23,3/24/2016,2016,3,24,2663.6,0,0,0,0,3/23/2016,83,3,2016,12,3,2,Spring
North/Central Texas Hail Storm (April 2016),Severe Storm,SevStorm/Flood,4/10/2016,2016,4,10,4/12/2016,2016,4,12,4478.2,0,1,1,1,4/11/2016,102,4,2016,15,4,2,Spring
Houston Flooding (April 2016),Flooding,SevStorm/Flood,4/17/2016,2016,4,17,4/18/2016,2016,4,18,3478.8,8,0,0,0,4/17/2016,108,4,2016,16,4,2,Spring
South/Southeast Tornadoes (April 2016),Severe Storm,SevStorm/Flood,4/26/2016,2016,4,26,5/2/2016,2016,5,2,3064.9,6,5,1,1,4/29/2016,120,4,2016,18,4,2,Spring
Plains Tornadoes and Central Severe Weather (May 2016),Severe Storm,SevStorm/Flood,5/8/2016,2016,5,8,5/11/2016,2016,5,11,2201,2,2,1,1,5/9/2016,130,5,2016,19,5,2,Spring
Rockies/Central Tornadoes and Severe Weather (May 2016),Severe Storm,SevStorm/Flood,5/21/2016,2016,5,21,5/26/2016,2016,5,26,1467.2,0,4,1,1,5/23/2016,144,5,2016,21,5,2,Spring
West Virginia Flooding and Ohio Valley Tornadoes (June 2016),Flooding,SevStorm/Flood,6/22/2016,2016,6,22,6/24/2016,2016,6,24,1259.6,23,1,1,1,6/23/2016,175,6,2016,25,6,3,Summer
Rockies and Northeast Severe Weather (July 2016),Severe Storm,SevStorm/Flood,7/28/2016,2016,7,28,7/30/2016,2016,7,30,1876,0,1,1,1,7/29/2016,211,7,2016,31,7,3,Summer
Louisiana Flooding (August 2016),Flooding,SevStorm/Flood,8/12/2016,2016,8,12,8/15/2016,2016,8,15,13000,13,2,1,1,8/13/2016,226,8,2016,33,8,3,Summer
Hurricane Matthew (October 2016),Tropical Cyclone,Tropical Cyclone,10/8/2016,2016,10,8,10/12/2016,2016,10,12,12700,49,3,1,1,10/10/2016,284,10,2016,41,10,4,Fall
West/Northeast/Southeast Drought (2016),Drought,WF/Drought,1/1/2016,2016,1,1,12/31/2016,2016,12,31,4476.6,0,364,52,13,7/1/2016,183,7,2016,27,7,3,Summer
Western/Southeast Wildfires (Summer-Fall 2016),Wildfire,WF/Drought,6/1/2016,2016,6,1,12/31/2016,2016,12,31,3041.8,21,212,31,8,9/15/2016,259,9,2016,37,9,4,Fall
Southern Tornado Outbreak and Western Storms (January 2017),Severe Storm,SevStorm/Flood,1/20/2017,2017,1,20,1/22/2017,2017,1,22,1392.3,24,1,1,1,1/21/2017,21,1,2017,3,1,1,Winter
California Flooding (February 2017),Flooding,SevStorm/Flood,2/8/2017,2017,2,8,2/22/2017,2017,2,22,1890,5,13,2,1,2/15/2017,46,2,2017,7,2,1,Winter
Central/Southeast Tornado Outbreak (March 2017),Severe Storm,SevStorm/Flood,2/28/2017,2017,2,28,3/1/2017,2017,3,1,2275.7,6,0,0,0,2/28/2017,59,2,2017,9,2,1,Winter
Midwest Tornado Outbreak (March 2017),Severe Storm,SevStorm/Flood,3/6/2017,2017,3,6,3/8/2017,2017,3,8,2741.8,2,1,1,1,3/7/2017,66,3,2017,10,3,2,Spring
Southeast Freeze (March 2017),Freeze,Winter/Freeze,3/14/2017,2017,3,14,3/16/2017,2017,3,16,1260,0,1,1,1,3/15/2017,74,3,2017,11,3,2,Spring
South/Southeast Severe Weather (March 2017),Severe Storm,SevStorm/Flood,3/26/2017,2017,3,26,3/28/2017,2017,3,28,3395.7,0,1,1,1,3/27/2017,86,3,2017,13,3,2,Spring
Southeast Severe Weather and Tornadoes (April 2017),Severe Storm,SevStorm/Flood,4/4/2017,2017,4,4,4/6/2017,2017,4,6,1229.8,1,1,1,1,4/5/2017,95,4,2017,14,4,2,Spring
South and Southeast Severe Weather (April 2017),Severe Storm,SevStorm/Flood,4/20/2017,2017,4,20,4/22/2017,2017,4,22,1125.2,0,1,1,1,4/21/2017,111,4,2017,16,4,2,Spring
Missouri and Arkansas Flooding and Central Severe Weather (May 2017),Flooding,SevStorm/Flood,4/25/2017,2017,4,25,5/7/2017,2017,5,7,2090.3,20,11,2,1,5/1/2017,121,5,2017,18,5,2,Spring
Colorado Hail Storm and Central Severe Weather (May 2017),Severe Storm,SevStorm/Flood,5/8/2017,2017,5,8,5/11/2017,2017,5,11,4187.5,0,2,1,1,5/9/2017,129,5,2017,19,5,2,Spring
North Central Severe Weather and Tornadoes (May 2017),Severe Storm,SevStorm/Flood,5/15/2017,2017,5,15,5/18/2017,2017,5,18,1176.5,1,2,1,1,5/16/2017,136,5,2017,20,5,2,Spring
Minnesota Hail Storm and Upper Midwest Severe Weather (June 2017),Severe Storm,SevStorm/Flood,6/9/2017,2017,6,9,6/11/2017,2017,6,11,2937.5,0,1,1,1,6/10/2017,161,6,2017,23,6,3,Summer
Midwest Severe Weather (June 2017a),Severe Storm,SevStorm/Flood,6/12/2017,2017,6,12,6/16/2017,2017,6,16,1886.5,0,3,1,1,6/14/2017,165,6,2017,24,6,3,Summer
Midwest Severe Weather (June 2017b),Severe Storm,SevStorm/Flood,6/27/2017,2017,6,27,6/29/2017,2017,6,29,1781.3,0,1,1,1,6/28/2017,179,6,2017,26,6,3,Summer
Hurricane Harvey (August 2017),Tropical Cyclone,Tropical Cyclone,8/25/2017,2017,8,25,8/31/2017,2017,8,31,155000,89,5,1,1,8/28/2017,240,8,2017,35,8,3,Summer
Hurricane Irma (September 2017),Tropical Cyclone,Tropical Cyclone,9/6/2017,2017,9,6,9/12/2017,2017,9,12,62000,97,5,1,1,9/9/2017,252,9,2017,36,9,4,Fall
Hurricane Maria (September 2017),Tropical Cyclone,Tropical Cyclone,9/19/2017,2017,9,19,9/21/2017,2017,9,21,111600,2981,1,1,1,9/20/2017,263,9,2017,38,9,4,Fall
"North Dakota, South Dakota and Montana Drought (Spring-Fall 2017)",Drought,WF/Drought,3/1/2017,2017,3,1,12/31/2017,2017,12,31,3150,0,304,44,11,7/31/2017,212,7,2017,31,7,3,Summer
"Western Wildfires, California Firestorm (Summer-Fall 2017)",Wildfire,WF/Drought,6/1/2017,2017,6,1,12/31/2017,2017,12,31,22506.3,54,212,31,8,9/15/2017,258,9,2017,37,9,4,Fall
Central and Eastern Winter Storm (January 2018),Winter Storm,Winter/Freeze,1/3/2018,2018,1,3,1/5/2018,2018,1,5,1293.4,22,1,1,1,1/4/2018,4,1,2018,1,1,1,Winter
Northeast Winter Storm (March 2018),Winter Storm,Winter/Freeze,3/1/2018,2018,3,1,3/3/2018,2018,3,3,2698.7,9,1,1,1,3/2/2018,61,3,2018,9,3,2,Spring
Southeastern Tornadoes and Severe Weather (March 2018),Severe Storm,SevStorm/Flood,3/18/2018,2018,3,18,3/21/2018,2018,3,21,1786.1,0,2,1,1,3/19/2018,78,3,2018,12,3,2,Spring
Southern and Eastern Tornadoes and Severe Weather (April 2018),Severe Storm,SevStorm/Flood,4/13/2018,2018,4,13,4/16/2018,2018,4,16,1621.4,3,2,1,1,4/14/2018,104,4,2018,15,4,2,Spring
Central and Northeast Severe Weather (May 2018),Severe Storm,SevStorm/Flood,5/1/2018,2018,5,1,5/4/2018,2018,5,4,1710,0,2,1,1,5/2/2018,122,5,2018,18,5,2,Spring
Central and Eastern Severe Weather (May 2018),Severe Storm,SevStorm/Flood,5/13/2018,2018,5,13,5/15/2018,2018,5,15,1685.1,5,1,1,1,5/14/2018,134,5,2018,20,5,2,Spring
Texas Hail Storm (June 2018),Severe Storm,SevStorm/Flood,6/6/2018,2018,6,6,6/6/2018,2018,6,6,1586,0,-1,0,0,6/6/2018,157,6,2018,23,6,3,Summer
Colorado Hail Storm (June 2018a),Severe Storm,SevStorm/Flood,6/13/2018,2018,6,13,6/13/2018,2018,6,13,1165.1,0,-1,0,0,6/13/2018,164,6,2018,24,6,3,Summer
Colorado Hail Storm (June 2018b),Severe Storm,SevStorm/Flood,6/18/2018,2018,6,18,6/19/2018,2018,6,19,2712.1,0,0,0,0,6/18/2018,169,6,2018,25,6,3,Summer
Central and Eastern Tornadoes and Severe Weather (July 2018),Severe Storm,SevStorm/Flood,7/19/2018,2018,7,19,7/22/2018,2018,7,22,1933.7,0,2,1,1,7/20/2018,201,7,2018,29,7,3,Summer
Mountain West Severe Weather (July 2018),Severe Storm,SevStorm/Flood,7/26/2018,2018,7,26,7/29/2018,2018,7,29,1038.2,0,2,1,1,7/27/2018,208,7,2018,30,7,3,Summer
Rockies and Plains Hail Storms (August 2018),Severe Storm,SevStorm/Flood,8/6/2018,2018,8,6,8/7/2018,2018,8,7,1250.5,0,0,0,0,8/6/2018,218,8,2018,32,8,3,Summer
Hurricane Florence (September 2018),Tropical Cyclone,Tropical Cyclone,9/13/2018,2018,9,13,9/16/2018,2018,9,16,29280,53,2,1,1,9/14/2018,257,9,2018,37,9,4,Fall
Hurricane Michael (October 2018),Tropical Cyclone,Tropical Cyclone,10/10/2018,2018,10,10,10/11/2018,2018,10,11,30219.8,49,0,0,0,10/10/2018,283,10,2018,41,10,4,Fall
Southwest/Southern Plains Drought (Summer-Fall 2018),Drought,WF/Drought,6/1/2018,2018,6,1,12/30/2018,2018,12,30,3707.6,0,211,31,8,9/15/2018,258,9,2018,37,9,4,Fall
"Western Wildfires, California Firestorm (Summer-Fall 2018)",Wildfire,WF/Drought,6/1/2018,2018,6,1,12/31/2018,2018,12,31,29280,106,212,31,8,9/15/2018,258,9,2018,37,9,4,Fall
"Southeast, Ohio Valley and Northeast Severe Weather (February 2019)",Severe Storm,SevStorm/Flood,2/23/2019,2019,2,23,2/25/2019,2019,2,25,1497.4,2,1,1,1,2/24/2019,55,2,2019,8,2,1,Winter
Texas Hail Storm (March 2019),Severe Storm,SevStorm/Flood,3/22/2019,2019,3,22,3/24/2019,2019,3,24,1857.4,0,1,1,1,3/23/2019,82,3,2019,12,3,2,Spring
Missouri River and North Central Flooding (March 2019),Flooding,SevStorm/Flood,3/14/2019,2019,3,14,3/31/2019,2019,3,31,13087,3,16,3,1,3/22/2019,81,3,2019,12,3,2,Spring
Southern and Eastern Tornadoes and Severe Weather (April 2019),Severe Storm,SevStorm/Flood,4/13/2019,2019,4,13,4/14/2019,2019,4,14,1502.4,7,0,0,0,4/13/2019,103,4,2019,15,4,2,Spring
South and Southeast Severe Weather (May 2019),Severe Storm,SevStorm/Flood,5/7/2019,2019,5,7,5/13/2019,2019,5,13,1816.8,0,5,1,1,5/10/2019,130,5,2019,19,5,2,Spring
Central Severe Weather (May 2019),Severe Storm,SevStorm/Flood,5/16/2019,2019,5,16,5/18/2019,2019,5,18,1167.6,0,1,1,1,5/17/2019,137,5,2019,20,5,2,Spring
"Rockies, Central and Northeast Tornadoes and Severe Weather (May 2019)",Severe Storm,SevStorm/Flood,5/26/2019,2019,5,26,5/29/2019,2019,5,29,5517.6,3,2,1,1,5/27/2019,147,5,2019,21,5,2,Spring
Arkansas River Flooding (June 2019),Flooding,SevStorm/Flood,5/20/2019,2019,5,20,6/14/2019,2019,6,14,3630,5,24,4,1,6/1/2019,152,6,2019,22,6,3,Summer
Colorado Hail Storms (July 2019),Severe Storm,SevStorm/Flood,7/4/2019,2019,7,4,7/5/2019,2019,7,5,1209.6,0,0,0,0,7/4/2019,185,7,2019,27,7,3,Summer
"Mississippi River, Midwest and Southern Flooding (July 2019)",Flooding,SevStorm/Flood,3/15/2019,2019,3,15,7/31/2019,2019,7,31,7464.7,4,137,20,5,5/23/2019,143,5,2019,21,5,2,Spring
Hurricane Dorian (September 2019),Tropical Cyclone,Tropical Cyclone,8/28/2019,2019,8,28,9/6/2019,2019,9,6,1932,10,8,2,1,9/1/2019,244,9,2019,35,9,4,Fall
Tropical Storm Imelda (September 2019),Tropical Cyclone,Tropical Cyclone,9/17/2019,2019,9,17,9/21/2019,2019,9,21,6000,5,3,1,1,9/19/2019,262,9,2019,38,9,4,Fall
Texas Tornadoes and Central Severe Weather (October 2019),Severe Storm,SevStorm/Flood,10/20/2019,2019,10,20,10/20/2019,2019,10,20,2044.4,2,-1,0,0,10/20/2019,293,10,2019,42,10,4,Fall
California and Alaska Wildfires (Summer-Fall 2019),Wildfire,WF/Drought,6/1/2019,2019,6,1,11/30/2019,2019,11,30,5400,3,181,26,7,8/31/2019,243,8,2019,35,8,3,Summer
Southeast Tornadoes and Northern Storms and Flooding (January 2020),Severe Storm,SevStorm/Flood,1/10/2020,2020,1,10,1/12/2020,2020,1,12,1367.6,10,1,1,1,1/11/2020,11,1,2020,2,1,1,Winter
"South, East and Northeast Severe Weather (February 2020)",Severe Storm,SevStorm/Flood,2/5/2020,2020,2,5,2/7/2020,2020,2,7,1495,3,1,1,1,2/6/2020,37,2,2020,6,2,1,Winter
Tennessee Tornadoes and Southeast Severe Weather (March 2020),Severe Storm,SevStorm/Flood,3/2/2020,2020,3,2,3/4/2020,2020,3,4,2779.9,25,1,1,1,3/3/2020,63,3,2020,9,3,2,Spring
Midwest and Ohio Valley Severe Weather (March 2020),Severe Storm,SevStorm/Flood,3/27/2020,2020,3,27,3/28/2020,2020,3,28,3044.3,0,0,0,0,3/27/2020,87,3,2020,13,3,2,Spring
North Central and Ohio Valley Hail Storms and Severe Weather (April 2020),Severe Storm,SevStorm/Flood,4/7/2020,2020,4,7,4/8/2020,2020,4,8,3457.2,0,0,0,0,4/7/2020,98,4,2020,14,4,2,Spring
Southeast and Eastern Tornado Outbreak (April 2020),Severe Storm,SevStorm/Flood,4/12/2020,2020,4,12,4/13/2020,2020,4,13,4132.8,35,0,0,0,4/12/2020,103,4,2020,15,4,2,Spring
Southern Severe Weather (April 2020),Severe Storm,SevStorm/Flood,4/21/2020,2020,4,21,4/23/2020,2020,4,23,1620,3,1,1,1,4/22/2020,113,4,2020,17,4,2,Spring
"Central, Southern and Eastern Severe Weather (April 2020)",Severe Storm,SevStorm/Flood,4/27/2020,2020,4,27,4/30/2020,2020,4,30,1232.4,1,2,1,1,4/28/2020,119,4,2020,17,4,2,Spring
Central and Eastern Severe Weather (May 2020),Severe Storm,SevStorm/Flood,5/3/2020,2020,5,3,5/5/2020,2020,5,5,2535.6,2,1,1,1,5/4/2020,125,5,2020,18,5,2,Spring
"South, Central and Eastern Severe Weather (May 2020)",Severe Storm,SevStorm/Flood,5/20/2020,2020,5,20,5/23/2020,2020,5,23,1900.8,2,2,1,1,5/21/2020,142,5,2020,21,5,2,Spring
South Texas Hail Storms (May 2020),Severe Storm,SevStorm/Flood,5/27/2020,2020,5,27,5/27/2020,2020,5,27,1680,0,-1,0,0,5/27/2020,148,5,2020,22,5,2,Spring
Central Severe Weather (July 2020),Severe Storm,SevStorm/Flood,7/10/2020,2020,7,10,7/11/2020,2020,7,11,1423.4,0,0,0,0,7/10/2020,192,7,2020,28,7,3,Summer
Hurricane Hanna (July 2020),Tropical Cyclone,Tropical Cyclone,7/25/2020,2020,7,25,7/26/2020,2020,7,26,1268.5,0,0,0,0,7/25/2020,207,7,2020,30,7,3,Summer
Hurricane Isaias (August 2020),Tropical Cyclone,Tropical Cyclone,8/3/2020,2020,8,3,8/4/2020,2020,8,4,5613.1,16,0,0,0,8/3/2020,216,8,2020,31,8,3,Summer
Central Severe Weather - Derecho (August 2020),Severe Storm,SevStorm/Flood,8/10/2020,2020,8,10,8/10/2020,2020,8,10,13122.2,4,-1,0,0,8/10/2020,223,8,2020,32,8,3,Summer
Hurricane Laura (August 2020),Tropical Cyclone,Tropical Cyclone,8/27/2020,2020,8,27,8/28/2020,2020,8,28,27393.7,42,0,0,0,8/27/2020,240,8,2020,35,8,3,Summer
Hurricane Sally (September 2020),Tropical Cyclone,Tropical Cyclone,9/15/2020,2020,9,15,9/17/2020,2020,9,17,8583.2,5,1,1,1,9/16/2020,260,9,2020,38,9,4,Fall
Hurricane Delta (October 2020),Tropical Cyclone,Tropical Cyclone,10/9/2020,2020,10,9,10/11/2020,2020,10,11,3383.1,5,1,1,1,10/10/2020,284,10,2020,41,10,4,Fall
Hurricane Zeta (October 2020),Tropical Cyclone,Tropical Cyclone,10/28/2020,2020,10,28,10/29/2020,2020,10,29,5135.3,6,0,0,0,10/28/2020,302,10,2020,44,10,4,Fall
Tropical Storm Eta (November 2020),Tropical Cyclone,Tropical Cyclone,11/8/2020,2020,11,8,11/12/2020,2020,11,12,1722.8,12,3,1,1,11/10/2020,315,11,2020,45,11,4,Fall
Western/Central Drought and Heat Wave (Summer-Fall 2020),Drought,WF/Drought,6/1/2020,2020,6,1,12/30/2020,2020,12,30,5304.1,45,211,31,8,9/15/2020,259,9,2020,37,9,4,Fall
"Western Wildfires - California, Oregon, Washington Firestorms (Fall 2020)",Wildfire,WF/Drought,8/1/2020,2020,8,1,12/30/2020,2020,12,30,19411,46,150,22,5,10/15/2020,289,10,2020,42,10,4,Fall
California Flooding and Severe Weather (January 2021),Flooding,SevStorm/Flood,1/24/2021,2021,1,24,1/29/2021,2021,1,29,1281.2,2,4,1,1,1/26/2021,26,1,2021,4,1,1,Winter
"Northwest, Central, Eastern Winter Storm and Cold Wave (February 2021)",Winter Storm,Winter/Freeze,2/10/2021,2021,2,10,2/19/2021,2021,2,19,26543,262,8,2,1,2/14/2021,45,2,2021,7,2,1,Winter
Southeast Tornadoes and Severe Weather (March 2021),Severe Storm,SevStorm/Flood,3/24/2021,2021,3,24,3/25/2021,2021,3,25,1945.4,6,0,0,0,3/24/2021,83,3,2021,12,3,2,Spring
Eastern Severe Weather (March 2021),Severe Storm,SevStorm/Flood,3/27/2021,2021,3,27,3/28/2021,2021,3,28,1561.5,8,0,0,0,3/27/2021,86,3,2021,13,3,2,Spring
Texas Hail Storms (April 2021),Severe Storm,SevStorm/Flood,4/12/2021,2021,4,12,4/15/2021,2021,4,15,1711,0,2,1,1,4/13/2021,103,4,2021,15,4,2,Spring
Texas and Oklahoma Severe Weather (April 2021),Severe Storm,SevStorm/Flood,4/27/2021,2021,4,27,4/28/2021,2021,4,28,3652.8,0,0,0,0,4/27/2021,117,4,2021,17,4,2,Spring
Southern Tornadoes and Southeast Severe Weather (May 2021),Severe Storm,SevStorm/Flood,5/2/2021,2021,5,2,5/4/2021,2021,5,4,1441,4,1,1,1,5/3/2021,123,5,2021,18,5,2,Spring
Louisiana Flooding (May 2021),Flooding,SevStorm/Flood,5/17/2021,2021,5,17,5/18/2021,2021,5,18,1530.1,5,0,0,0,5/17/2021,137,5,2021,20,5,2,Spring
Ohio Valley Hail Storms (June 2021),Severe Storm,SevStorm/Flood,6/17/2021,2021,6,17,6/18/2021,2021,6,18,1929.2,0,0,0,0,6/17/2021,168,6,2021,24,6,3,Summer
Central Severe Storms (June 2021),Severe Storm,SevStorm/Flood,6/24/2021,2021,6,24,6/26/2021,2021,6,26,1416,0,1,1,1,6/25/2021,176,6,2021,26,6,3,Summer
Tropical Storm Elsa (July 2021),Tropical Cyclone,Tropical Cyclone,7/7/2021,2021,7,7,7/9/2021,2021,7,9,1358.6,1,1,1,1,7/8/2021,189,7,2021,27,7,3,Summer
Central Severe Storms (July 2021),Severe Storm,SevStorm/Flood,7/8/2021,2021,7,8,7/11/2021,2021,7,11,1209.6,0,2,1,1,7/9/2021,190,7,2021,28,7,3,Summer
North Central Severe Weather (August 2021),Severe Storm,SevStorm/Flood,8/10/2021,2021,8,10,8/13/2021,2021,8,13,1438.1,2,2,1,1,8/11/2021,223,8,2021,32,8,3,Summer
Tropical Storm Fred (August 2021),Tropical Cyclone,Tropical Cyclone,8/16/2021,2021,8,16,8/18/2021,2021,8,18,1430.2,7,1,1,1,8/17/2021,229,8,2021,33,8,3,Summer
Hurricane Ida (August 2021),Tropical Cyclone,Tropical Cyclone,8/29/2021,2021,8,29,9/1/2021,2021,9,1,82400.7,96,2,1,1,8/30/2021,242,8,2021,35,8,3,Summer
Hurricane Nicholas (September 2021),Tropical Cyclone,Tropical Cyclone,9/14/2021,2021,9,14,9/18/2021,2021,9,18,1137.9,0,3,1,1,9/16/2021,259,9,2021,37,9,4,Fall
"Southeast, Central Tornado Outbreak (December 2021)",Severe Storm,SevStorm/Flood,12/10/2021,2021,12,10,12/10/2021,2021,12,10,4306.5,93,-1,0,0,12/10/2021,-21,0,2022,-3,0,1,Winter
Midwest Derecho and Tornado Outbreak (December 2021),Severe Storm,SevStorm/Flood,12/15/2021,2021,12,15,12/15/2021,2021,12,15,1960.2,1,-1,0,0,12/15/2021,-16,0,2022,-2,0,1,Winter
Western Wildfires (2021),Wildfire,WF/Drought,6/1/2021,2021,6,1,12/31/2021,2021,12,31,11752.1,8,212,31,8,9/15/2021,258,9,2021,37,9,4,Fall
Western Drought and Heat Wave (2021),Drought,WF/Drought,1/1/2021,2021,1,1,12/31/2021,2021,12,31,9864.5,229,363,52,13,7/2/2021,183,7,2021,27,7,3,Summer
Texas Hail Storms (February 2022),Severe Storm,SevStorm/Flood,2/21/2022,2022,2,21,2/22/2022,2022,2,22,1088.6,0,0,0,0,2/21/2022,52,2,2022,8,2,1,Winter
Southern Tornado Outbreak (March 2022),Severe Storm,SevStorm/Flood,3/30/2022,2022,3,30,3/30/2022,2022,3,30,1344.1,2,-1,0,0,3/30/2022,89,3,2022,13,3,2,Spring
Southeast Tornado Outbreak (April 2022),Severe Storm,SevStorm/Flood,4/4/2022,2022,4,4,4/6/2022,2022,4,6,1501.9,3,1,1,1,4/5/2022,95,4,2022,14,4,2,Spring
Southern Severe Weather (April 2022),Severe Storm,SevStorm/Flood,4/11/2022,2022,4,11,4/13/2022,2022,4,13,2835.5,1,1,1,1,4/12/2022,102,4,2022,15,4,2,Spring
Southern and Central Severe Weather (May 2022),Severe Storm,SevStorm/Flood,5/1/2022,2022,5,1,5/3/2022,2022,5,3,1196.1,1,1,1,1,5/2/2022,122,5,2022,18,5,2,Spring
North Central Hail Storms (May 2022a),Severe Storm,SevStorm/Flood,5/9/2022,2022,5,9,5/9/2022,2022,5,9,2289.6,0,-1,0,0,5/9/2022,129,5,2022,19,5,2,Spring
North Central Severe Weather (May 2022),Severe Storm,SevStorm/Flood,5/11/2022,2022,5,11,5/12/2022,2022,5,12,2868.3,1,0,0,0,5/11/2022,131,5,2022,19,5,2,Spring
North Central Hail Storms (May 2022b),Severe Storm,SevStorm/Flood,5/19/2022,2022,5,19,5/19/2022,2022,5,19,2552.8,0,-1,0,0,5/19/2022,139,5,2022,20,5,2,Spring
Central Severe Weather (June 2022),Severe Storm,SevStorm/Flood,6/7/2022,2022,6,7,6/8/2022,2022,6,8,1987.4,0,0,0,0,6/7/2022,158,6,2022,23,6,3,Summer
Central Derecho (June 2022),Severe Storm,SevStorm/Flood,6/13/2022,2022,6,13,6/13/2022,2022,6,13,3322.9,1,-1,0,0,6/13/2022,164,6,2022,24,6,3,Summer
North Central and Eastern Severe Weather (July 2022),Severe Storm,SevStorm/Flood,7/22/2022,2022,7,22,7/24/2022,2022,7,24,1393.6,1,1,1,1,7/23/2022,204,7,2022,30,7,3,Summer
Kentucky and Missouri Flooding (July 2022),Flooding,SevStorm/Flood,7/26/2022,2022,7,26,7/28/2022,2022,7,28,1523.6,42,1,1,1,7/27/2022,208,7,2022,30,7,3,Summer
Hurricane Fiona (September 2022),Tropical Cyclone,Tropical Cyclone,9/17/2022,2022,9,17,9/18/2022,2022,9,18,2610.4,25,0,0,0,9/17/2022,260,9,2022,38,9,4,Fall
Hurricane Ian (September 2022),Tropical Cyclone,Tropical Cyclone,9/28/2022,2022,9,28,9/30/2022,2022,9,30,116272,152,1,1,1,9/29/2022,272,9,2022,39,9,4,Fall
Hurricane Nicole (November 2022),Tropical Cyclone,Tropical Cyclone,11/10/2022,2022,11,10,11/11/2022,2022,11,11,1050.6,5,0,0,0,11/10/2022,314,11,2022,45,11,4,Fall
Western Wildfires (Spring-Fall 2022),Wildfire,WF/Drought,4/1/2022,2022,4,1,11/30/2022,2022,11,30,3234.4,17,242,35,9,7/31/2022,212,7,2022,31,7,3,Summer
Central and Eastern Winter Storm and Cold Wave (December 2022),Winter Storm,Winter/Freeze,12/21/2022,2022,12,21,12/26/2022,2022,12,26,8698.6,87,4,1,1,12/23/2022,-8,0,2023,-1,0,1,Winter
Western/Central Drought and Heat Wave (2022),Drought,WF/Drought,1/1/2022,2022,1,1,12/31/2022,2022,12,31,22852,136,363,52,13,7/2/2022,183,7,2022,27,7,3,Summer
Northeastern Winter Storm / Cold Wave (February 2023),Winter Storm,Winter/Freeze,2/2/2023,2023,2,2,2/5/2023,2023,2,5,1786.1,1,2,1,1,2/3/2023,34,2,2023,5,2,1,Winter
Southern and Eastern Severe Weather (March 2023),Severe Storm,SevStorm/Flood,3/2/2023,2023,3,2,3/3/2023,2023,3,3,5993.5,13,0,0,0,3/2/2023,61,3,2023,9,3,2,Spring
California Flooding (December 2022 - March 2023),Flooding,SevStorm/Flood,12/26/2022,2022,12,26,3/19/2023,2023,3,19,4635,22,82,12,3,2/5/2023,36,2,2023,6,2,1,Winter
Southern and Eastern Severe Weather (April 2023),Severe Storm,SevStorm/Flood,3/24/2023,2023,3,24,3/26/2023,2023,3,26,2871.2,23,1,1,1,3/25/2023,84,3,2023,12,3,2,Spring
Central Tornado Outbreak and Eastern Severe Weather (March 2023),Severe Storm,SevStorm/Flood,3/31/2023,2023,3,31,4/1/2023,2023,4,1,5740.4,33,0,0,0,3/31/2023,90,3,2023,13,3,2,Spring
Central and Eastern Severe Weather (April 2023),Severe Storm,SevStorm/Flood,4/4/2023,2023,4,4,4/6/2023,2023,4,6,2871.5,5,1,1,1,4/5/2023,95,4,2023,14,4,2,Spring
Fort Lauderdale Flash Flood (April 2023),Flooding,SevStorm/Flood,4/12/2023,2023,4,12,4/13/2023,2023,4,13,1111,0,0,0,0,4/12/2023,102,4,2023,15,4,2,Spring
Central and Southern Severe Weather (April 2023),Severe Storm,SevStorm/Flood,4/15/2023,2023,4,15,4/15/2023,2023,4,15,1361.7,0,-1,0,0,4/15/2023,105,4,2023,15,4,2,Spring
Central Severe Weather (April 2023),Severe Storm,SevStorm/Flood,4/19/2023,2023,4,19,4/20/2023,2023,4,20,3019.2,1,0,0,0,4/19/2023,109,4,2023,16,4,2,Spring
Southern Severe Weather (April 2023),Severe Storm,SevStorm/Flood,4/25/2023,2023,4,25,4/27/2023,2023,4,27,1333.3,0,1,1,1,4/26/2023,116,4,2023,17,4,2,Spring
Central Severe Weather (May 2023),Severe Storm,SevStorm/Flood,5/6/2023,2023,5,6,5/8/2023,2023,5,8,2158.6,1,1,1,1,5/7/2023,127,5,2023,19,5,2,Spring
Central and Eastern Tornadoes and Hail Storms (May 2023),Severe Storm,SevStorm/Flood,5/10/2023,2023,5,10,5/12/2023,2023,5,12,3460.4,1,1,1,1,5/11/2023,131,5,2023,19,5,2,Spring
Texas Hail Storms (May 2023),Severe Storm,SevStorm/Flood,5/18/2023,2023,5,18,5/19/2023,2023,5,19,1641.3,0,0,0,0,5/18/2023,138,5,2023,20,5,2,Spring
Typhoon Mawar (May 2023),Tropical Cyclone,Tropical Cyclone,5/24/2023,2023,5,24,5/25/2023,2023,5,25,4292.5,2,0,0,0,5/24/2023,144,5,2023,21,5,2,Spring
Southern Severe Weather (June 2023),Severe Storm,SevStorm/Flood,6/11/2023,2023,6,11,6/14/2023,2023,6,14,4072.6,0,2,1,1,6/12/2023,163,6,2023,24,6,3,Summer
Central and Southern Severe Weather (June 2023),Severe Storm,SevStorm/Flood,6/15/2023,2023,6,15,6/18/2023,2023,6,18,3805.8,5,2,1,1,6/16/2023,167,6,2023,24,6,3,Summer
Rockies Hail Storms and Central and Eastern Severe Weather (June 2023),Severe Storm,SevStorm/Flood,6/21/2023,2023,6,21,6/26/2023,2023,6,26,5296.5,8,4,1,1,6/23/2023,174,6,2023,25,6,3,Summer
Central Severe Weather (June 2023),Severe Storm,SevStorm/Flood,6/28/2023,2023,6,28,7/2/2023,2023,7,2,1938.4,3,3,1,1,6/30/2023,181,6,2023,26,6,3,Summer
Northeastern Flooding and North Central Severe Weather (July 2023),Flooding,SevStorm/Flood,7/9/2023,2023,7,9,7/15/2023,2023,7,15,2187.1,10,5,1,1,7/12/2023,193,7,2023,28,7,3,Summer
North Central and Southeastern Severe Weather (July 2023),Severe Storm,SevStorm/Flood,7/19/2023,2023,7,19,7/21/2023,2023,7,21,1850.3,1,1,1,1,7/20/2023,201,7,2023,29,7,3,Summer
North Central and Eastern Severe Weather (July 2023),Severe Storm,SevStorm/Flood,7/28/2023,2023,7,28,7/29/2023,2023,7,29,1496.8,2,0,0,0,7/28/2023,209,7,2023,30,7,3,Summer
Hawaii Firestorm (August 2023),Wildfire,WF/Drought,8/8/2023,2023,8,8,8/8/2023,2023,8,8,5555,100,-1,0,0,8/8/2023,220,8,2023,32,8,3,Summer
Northeastern and Eastern Severe Weather (August 2023),Severe Storm,SevStorm/Flood,8/5/2023,2023,8,5,8/8/2023,2023,8,8,1647.6,4,2,1,1,8/6/2023,218,8,2023,32,8,3,Summer
Minnesota Hail Storms (August 2023),Severe Storm,SevStorm/Flood,8/11/2023,2023,8,11,8/11/2023,2023,8,11,1792.8,0,-1,0,0,8/11/2023,223,8,2023,32,8,3,Summer
Hurricane Idalia (August 2023),Tropical Cyclone,Tropical Cyclone,8/29/2023,2023,8,29,8/31/2023,2023,8,31,3490.6,5,1,1,1,8/30/2023,242,8,2023,35,8,3,Summer
Southern Hail Storms (September 2023),Severe Storm,SevStorm/Flood,9/23/2023,2023,9,23,9/24/2023,2023,9,24,1645,0,0,0,0,9/23/2023,266,9,2023,38,9,4,Fall
Southern/Midwestern Drought and Heatwave (Spring-Fall 2023),Drought,WF/Drought,4/1/2023,2023,4,1,9/30/2023,2023,9,30,14517,247,181,26,7,7/1/2023,182,7,2023,26,7,3,Summer
East Coast Storm and Flooding (December 2023),Flooding,SevStorm/Flood,12/16/2023,2023,12,16,12/18/2023,2023,12,18,1276,5,1,1,1,12/17/2023,-14,0,2024,-2,0,1,Winter
